State,Year,Month,od_mort,StateYear,Population,od_mort_100k,State.Name,census_division,total_reports,fentanyl_reports,heroin_reports,meth_reports,meth_percent,fentanyl_percent,heroin_percent
AK,2015,December,121,AK15,737498,16.4068241540994,Alaska,Pacific,1863,1,453,633,33.97745571658615,0.05367686527106817,24.315619967793882
AK,2016,December,129,AK16,741456,17.39820029779245,Alaska,Pacific,1555,12,426,646,41.543408360128616,0.7717041800643086,27.39549839228296
AK,2017,December,141,AK17,739700,19.061781803433824,Alaska,Pacific,1660,4,433,689,41.506024096385545,0.24096385542168675,26.08433734939759
AK,2018,December,105,AK18,735139,14.283013144452953,Alaska,Pacific,962,2,233,380,39.5010395010395,0.2079002079002079,24.22037422037422
AK,2019,December,133,AK19,731545,18.180699751894963,Alaska,Pacific,358,15,65,113,31.564245810055866,4.189944134078212,18.156424581005588
AK,2020,December,146,AK20,733017,19.917682673116722,Alaska,Pacific,3457,58,576,814,23.54642753832803,1.6777552791437662,16.661845530807057
AK,2021,December,255,AK21,734420,34.7212766536859,Alaska,Pacific,2914,143,631,978,33.562113932738505,4.907343857240906,21.654083733699384
AK,2022,December,247,AK22,734442,33.63097426345443,Alaska,Pacific,2305,313,367,796,34.533622559652926,13.579175704989154,15.921908893709327
AK,2023,December,357,AK23,736510,48.47184695387707,Alaska,Pacific,2453,641,196,799,32.572360375050955,26.13126783530371,7.990216061964941
AK,2024,December,339,AK24,740133,45.80257872571551,Alaska,Pacific,2666,666,120,863,32.37059264816204,24.981245311327832,4.50112528132033
AL,2015,December,720,AL15,4852347,14.838180369211024,Alabama,East South Central,37966,131,1054,3817,10.05373228678291,0.34504556708634043,2.776168150450403
AL,2016,December,740,AL16,4863525,15.2153016587763,Alabama,East South Central,41758,165,1199,5529,13.240576655970113,0.3951338665644906,2.8713060970352986
AL,2017,December,807,AL17,4874486,16.55559170751542,Alabama,East South Central,50832,293,1299,9377,18.44704123386843,0.5764085615360403,2.55547686496695
AL,2018,December,740,AL18,4887681,15.140104274399249,Alabama,East South Central,51585,238,1249,10873,21.077832703305223,0.4613744305515169,2.4212464863817003
AL,2019,December,739,AL19,4903185,15.071835959687427,Alabama,East South Central,52768,511,1603,12315,23.338007883565798,0.9683899332929048,3.0378259551243176
AL,2020,December,989,AL20,5033094,19.64994097070311,Alabama,East South Central,48862,940,1463,10436,21.35811059719209,1.9237853546723425,2.9941467807294013
AL,2021,December,"1,333",AL21,5049196,26.40024273171412,Alabama,East South Central,41459,1198,614,10416,25.123616102655635,2.889601775247835,1.4809812103523963
AL,2022,December,"1,452",AL22,5076181,28.604180977786257,Alabama,East South Central,19646,1471,329,4764,24.249211035325256,7.487529268044385,1.674641148325359
AL,2023,December,"1,598",AL23,5117673,31.225129077219275,Alabama,East South Central,22807,1097,142,8825,38.69426053404656,4.809926776866751,0.6226158635506642
AL,2024,December,"1,176",AL24,5157699,22.800865269570792,Alabama,East South Central,14140,345,30,6191,43.78359264497878,2.43988684582744,0.21216407355021216
AR,2015,December,381,AR15,2978048,12.793615146565804,Arkansas,West South Central,42633,85,194,10310,24.183144512466868,0.1993760701803767,0.45504656017638917
AR,2016,December,386,AR16,2989918,12.910053051622151,Arkansas,West South Central,43633,63,353,12717,29.145371622395892,0.1443861297641693,0.8090206953452662
AR,2017,December,425,AR17,3001345,14.160318124041055,Arkansas,West South Central,43833,153,344,14252,32.51431569821824,0.34905208404626653,0.7847968425615404
AR,2018,December,433,AR18,3009733,14.386658218519717,Arkansas,West South Central,39755,287,356,14302,35.97534901270281,0.7219217708464344,0.895484844673626
AR,2019,December,362,AR19,3017804,11.995477506160109,Arkansas,West South Central,49399,307,366,15507,31.391323711006297,0.621470070244337,0.7409056863499262
AR,2020,December,514,AR20,3014546,17.05066036477798,Arkansas,West South Central,59714,436,420,16056,26.88816692902837,0.7301470341963359,0.7033526476203236
AR,2021,December,627,AR21,3026870,20.714467420140277,Arkansas,West South Central,52182,861,371,16341,31.315396113602393,1.6499942508911118,0.7109731324977961
AR,2022,December,591,AR22,3047704,19.39164695784105,Arkansas,West South Central,40267,1151,138,11693,29.038666898452828,2.8584200461916707,0.342712394764944
AR,2023,December,517,AR23,3069463,16.84333709186265,Arkansas,West South Central,41731,1331,59,11255,26.970357767606814,3.189475449905346,0.1413817066449402
AR,2024,December,389,AR24,3088354,12.59570632123131,Arkansas,West South Central,42370,1174,55,10287,24.278970970025963,2.7708284163323107,0.12980882700023602
AZ,2015,December,"1,267",AZ15,6829676,18.55139248186883,Arizona,Mountain,36712,30,5150,8189,22.30605796469819,0.08171714970581827,14.028110699498802
AZ,2016,December,"1,393",AZ16,6941072,20.068946122443332,Arizona,Mountain,36205,90,4362,8532,23.56580582792432,0.24858444966164894,12.048059660267919
AZ,2017,December,"1,555",AZ17,7044008,22.075500198182628,Arizona,Mountain,36772,389,5310,9386,25.524855868595672,1.057870118568476,14.440335037528554
AZ,2018,December,"1,730",AZ18,7158024,24.16868118911029,Arizona,Mountain,33919,1038,4153,8755,25.81149208408267,3.0602317285297325,12.243875114242755
AZ,2019,December,"1,981",AZ19,7278717,27.216334966725594,Arizona,Mountain,34914,3506,3503,8494,24.328349659162512,10.041817036145959,10.033224494472131
AZ,2020,December,"2,644",AZ20,7187135,36.787955144852575,Arizona,Mountain,33773,8225,2160,7255,21.481656944896812,24.353773724572882,6.395641488763213
AZ,2021,December,"2,780",AZ21,7274078,38.217901980154735,Arizona,Mountain,31473,13567,1104,7958,25.285165062116736,43.10678994693865,3.5077685635306453
AZ,2022,December,"2,737",AZ22,7377566,37.098956485106335,Arizona,Mountain,44006,17236,669,7697,17.49079670953961,39.16738626550925,1.5202472390128619
AZ,2023,December,"2,720",AZ23,7473027,36.397566876180164,Arizona,Mountain,41533,17644,454,7365,17.732887101822648,42.48188187706161,1.0931066862494883
AZ,2024,December,"2,531",AZ24,7582384,33.3800029120129,Arizona,Mountain,31711,13491,513,7155,22.563148434297247,42.543596859134055,1.6177351707609346
CA,2015,December,"4,762",CA15,38918045,12.235969201433424,California,Pacific,131788,95,11141,60453,45.87139952044192,0.07208547060430388,8.453728715816311
CA,2016,December,"4,755",CA16,39167117,12.140285944456927,California,Pacific,149867,287,13545,68745,45.87067199583631,0.1915031327777296,9.03801370548553
CA,2017,December,"5,028",CA17,39358497,12.77487806508465,California,Pacific,129361,711,12952,65147,50.360618733621415,0.5496246936866598,10.012291185133078
CA,2018,December,"5,494",CA18,39461588,13.922399676363758,California,Pacific,139323,1514,15097,70941,50.918369544152796,1.0866834621706394,10.835971088764957
CA,2019,December,"6,363",CA19,39512223,16.103877526708633,California,Pacific,158520,3137,17898,73190,46.17083017915721,1.978930103456977,11.290688872066616
CA,2020,December,"9,209",CA20,39521958,23.300971070309828,California,Pacific,162465,5900,17192,75671,46.57680115717231,3.631551411073154,10.58197150155418
CA,2021,December,"11,398",CA21,39142565,29.119195433411175,California,Pacific,149455,9172,11287,69391,46.42936000802917,6.136964303636546,7.552105985079121
CA,2022,December,"11,761",CA22,39142414,30.046690528591313,California,Pacific,109304,12183,4262,52062,47.63046183122301,11.145978189270291,3.899216863060821
CA,2023,December,"12,369",CA23,39198693,31.55462351767698,California,Pacific,104107,12923,3012,47291,45.4253796574678,12.413190275389743,2.8931772119069805
CA,2024,December,"9,687",CA24,39431263,24.566801220645658,California,Pacific,97805,10867,2131,45152,46.16532897091151,11.11088390164102,2.1788252134348958
CO,2015,December,913,CO15,5450623,16.75037880990852,Colorado,Mountain,14449,19,2192,4587,31.746141601494912,0.1314969894110319,15.170600041525365
CO,2016,December,965,CO16,5539215,17.42124109643695,Colorado,Mountain,19056,26,2500,5656,29.68094038623006,0.13643996641477749,13.119227539882452
CO,2017,December,"1,040",CO17,5611885,18.532097503779923,Colorado,Mountain,17247,46,2471,6423,37.24125934945208,0.26671305154519626,14.32712935583
CO,2018,December,"1,004",CO18,5691287,17.64100106004143,Colorado,Mountain,18323,101,2609,6905,37.68487693063363,0.5512197784205644,14.238934672269824
CO,2019,December,"1,100",CO19,5758736,19.101413921388307,Colorado,Mountain,18006,297,2755,7231,40.15883594357437,1.6494501832722426,15.300455403754304
CO,2020,December,"1,512",CO20,5787129,26.12694481149461,Colorado,Mountain,14312,724,1871,4882,34.111235326998326,5.058692006707658,13.072945779765233
CO,2021,December,"1,917",CO21,5814036,32.97193206234017,Colorado,Mountain,15069,2155,1356,5151,34.18275930718694,14.300882606675957,8.998606410511647
CO,2022,December,"1,856",CO22,5850935,31.721425720846327,Colorado,Mountain,12311,2952,533,3759,30.533669076435707,23.978555763138658,4.329461457233369
CO,2023,December,"1,926",CO23,5901339,32.63666093406937,Colorado,Mountain,8009,2008,215,2093,26.13310026220502,25.071794231489573,2.6844799600449494
CO,2024,December,"1,640",CO24,5957493,27.528357985481474,Colorado,Mountain,4461,1296,127,1151,25.801389822909663,29.051782111634164,2.8468953149518046
CT,2015,December,799,CT15,3587122,22.27412393556729,Connecticut,New England,2402,57,472,25,1.0407993338884263,2.373022481265612,19.65029142381349
CT,2016,December,974,CT16,3578141,27.22083897755846,Connecticut,New England,2994,239,600,33,1.1022044088176353,7.982631930527722,20.04008016032064
CT,2017,December,"1,080",CT17,3573297,30.22418791385099,Connecticut,New England,3446,493,680,27,0.783517121300058,14.306442251886246,19.733023795705165
CT,2018,December,"1,070",CT18,3571520,29.959233043634082,Connecticut,New England,3310,503,531,36,1.0876132930513596,15.196374622356496,16.042296072507554
CT,2019,December,"1,231",CT19,3565287,34.527374654550954,Connecticut,New England,3179,588,476,39,1.2268008807801196,18.49638251022334,14.973262032085561
CT,2020,December,"1,385",CT20,3579918,38.68803698855672,Connecticut,New England,2241,457,221,37,1.6510486390004462,20.39268183846497,9.861668897813477
CT,2021,December,"1,562",CT21,3606607,43.309404101971744,Connecticut,New England,3235,652,171,127,3.9258114374034,20.154559505409583,5.285935085007728
CT,2022,December,"1,476",CT22,3617925,40.796865606666806,Connecticut,New England,4045,976,240,160,3.9555006180469716,24.128553770086526,5.933250927070457
CT,2023,December,"1,330",CT23,3643023,36.50814172735116,Connecticut,New England,3501,939,300,180,5.141388174807198,26.820908311910884,8.56898029134533
CT,2024,December,998,CT24,3675069,27.155952718166652,Connecticut,New England,3675,800,116,271,7.374149659863946,21.768707482993197,3.1564625850340136
DC,2015,December,144,DC15,675400,21.320698845128813,District of Columbia,South Atlantic,1928,7,241,63,3.267634854771784,0.3630705394190871,12.5
DC,2016,December,300,DC16,685815,43.743575162398024,District of Columbia,South Atlantic,4481,72,392,103,2.298594063825039,1.6067841999553671,8.74804731086811
DC,2017,December,348,DC17,694906,50.07871568240885,District of Columbia,South Atlantic,4046,113,348,75,1.8536826495304004,2.7928818586258033,8.601087493821058
DC,2018,December,295,DC18,701547,42.049926804618934,District of Columbia,South Atlantic,1183,71,163,35,2.9585798816568047,6.001690617075233,13.778529163144547
DC,2019,December,367,DC19,705749,52.00149061493534,District of Columbia,South Atlantic,1266,121,182,147,11.611374407582938,9.557661927330173,14.375987361769353
DC,2020,December,511,DC20,670917,76.16441377994596,District of Columbia,South Atlantic,948,115,78,50,5.274261603375527,12.130801687763713,8.227848101265822
DC,2021,December,541,DC21,669256,80.83603284841675,District of Columbia,South Atlantic,702,115,41,61,8.68945868945869,16.381766381766383,5.84045584045584
DC,2022,December,575,DC22,676725,84.96804462669475,District of Columbia,South Atlantic,893,173,10,12,1.343784994400896,19.372900335946248,1.1198208286674132
DC,2023,December,635,DC23,687324,92.38728750923873,District of Columbia,South Atlantic,1097,235,40,11,1.0027347310847767,21.422060164083867,3.6463081130355515
DC,2024,December,408,DC24,702250,58.098967604129584,District of Columbia,South Atlantic,1315,226,61,53,4.030418250950571,17.186311787072242,4.638783269961977
DE,2015,December,195,DE15,941252,20.71708745373184,Delaware,South Atlantic,1609,9,795,10,0.6215040397762586,0.5593536357986327,49.40957116221256
DE,2016,December,285,DE16,948921,30.034112428748017,Delaware,South Atlantic,2172,31,1103,29,1.3351749539594844,1.427255985267035,50.782688766114184
DE,2017,December,341,DE17,956823,35.63877540569155,Delaware,South Atlantic,2450,73,1058,68,2.7755102040816326,2.979591836734694,43.183673469387756
DE,2018,December,399,DE18,965479,41.32663683000873,Delaware,South Atlantic,3027,143,925,180,5.946481665014867,4.724149322761811,30.558308556326395
DE,2019,December,423,DE19,973764,43.43968353728419,Delaware,South Atlantic,342,60,44,29,8.47953216374269,17.54385964912281,12.865497076023392
DE,2020,December,449,DE20,991928,45.26538216483455,Delaware,South Atlantic,304,16,13,51,16.776315789473685,5.2631578947368425,4.276315789473684
DE,2021,December,502,DE21,1005062,49.94716743842669,Delaware,South Atlantic,287,39,3,35,12.195121951219512,13.588850174216027,1.0452961672473868
DE,2022,December,544,DE22,1020625,53.300673606858545,Delaware,South Atlantic,347,75,20,30,8.645533141210375,21.613832853025936,5.763688760806916
DE,2023,December,527,DE23,1036423,50.84796458588819,Delaware,South Atlantic,402,87,20,30,7.462686567164179,21.64179104477612,4.975124378109452
DE,2024,December,351,DE24,1051917,33.36765163030923,Delaware,South Atlantic,257,46,15,22,8.560311284046692,17.898832684824903,5.836575875486381
FL,2015,December,"3,352",FL15,20209042,16.586634834051015,Florida,South Atlantic,81662,608,4993,5341,6.540373735642037,0.7445323406235458,6.114226935416718
FL,2016,December,"4,996",FL16,20613477,24.236571054946236,Florida,South Atlantic,86990,1177,5684,7562,8.69295321301299,1.353029083802736,6.534084377514657
FL,2017,December,"5,440",FL17,20963613,25.94972536461153,Florida,South Atlantic,91056,1594,5387,10124,11.118432612897557,1.7505710771393428,5.916139518538042
FL,2018,December,"4,936",FL18,21244317,23.23444900582118,Florida,South Atlantic,103911,3193,5535,13528,13.018833424757725,3.0728219341551903,5.326673788145625
FL,2019,December,"5,524",FL19,21477737,25.719655660184312,Florida,South Atlantic,98180,4547,4958,15184,15.465471582807089,4.631289468323487,5.049908331635771
FL,2020,December,"7,568",FL20,21592035,35.049961710417755,Florida,South Atlantic,82262,6904,3213,15787,19.191121052247695,8.392696506284798,3.905813133646155
FL,2021,December,"8,163",FL21,21831949,37.390156966746304,Florida,South Atlantic,92714,8294,1526,17571,18.951830360031927,8.945790279785145,1.6459218672476648
FL,2022,December,"7,894",FL22,22379312,35.27364916311994,Florida,South Atlantic,87060,7640,741,15252,17.51895244658856,8.77555708706639,0.8511371467953136
FL,2023,December,"7,330",FL23,22904868,32.00193076860342,Florida,South Atlantic,82133,8008,373,13113,15.965568042078093,9.750039569965788,0.45414145349615864
FL,2024,December,"5,149",FL24,23372215,22.030432288937952,Florida,South Atlantic,79803,7282,329,13924,17.447965615327746,9.124970239214065,0.4122652030625415
GA,2015,December,"1,308",GA15,10178447,12.850683409757892,Georgia,South Atlantic,45573,86,1532,13133,28.817501590854235,0.18870822636210036,3.3616395672876482
GA,2016,December,"1,370",GA16,10301890,13.298530657966646,Georgia,South Atlantic,46847,107,1562,14269,30.45872734646829,0.22840309945140563,3.334258330309305
GA,2017,December,"1,516",GA17,10410330,14.562458634836744,Georgia,South Atlantic,50933,152,1451,16611,32.613433333987786,0.29843127245597156,2.848840633773781
GA,2018,December,"1,375",GA18,10511131,13.081370596560921,Georgia,South Atlantic,48914,213,1333,19216,39.28527619904322,0.43545815104060187,2.7251911518174756
GA,2019,December,"1,378",GA19,10617423,12.97866723403598,Georgia,South Atlantic,46136,272,1539,19937,43.21354256979365,0.5895612970348535,3.3357898387376452
GA,2020,December,"1,868",GA20,10732888,17.404448830547754,Georgia,South Atlantic,41144,697,1646,16832,40.90997472292436,1.6940501652731867,4.000583317130079
GA,2021,December,"2,438",GA21,10792060,22.59068240910447,Georgia,South Atlantic,47352,1443,1307,18732,39.559047136340595,3.047389761784085,2.7601790843047813
GA,2022,December,"2,619",GA22,10931805,23.957617246191276,Georgia,South Atlantic,32083,1607,374,12743,39.718854221862046,5.008883209176199,1.165726397157373
GA,2023,December,"2,520",GA23,11064432,22.775683378957005,Georgia,South Atlantic,30800,1389,176,12076,39.20779220779221,4.509740259740259,0.5714285714285714
GA,2024,December,"2,010",GA24,11180878,17.97712129584099,Georgia,South Atlantic,19773,1032,105,8153,41.23299448743236,5.2192383553330295,0.5310271582460931
HI,2015,December,171,HI15,1422052,12.024876727433314,Hawaii,Pacific,4811,37,109,1430,29.723550197464146,0.7690708792350862,2.2656412388276865
HI,2016,December,199,HI16,1427559,13.939879192383643,Hawaii,Pacific,2471,2,141,1129,45.69000404694456,0.08093889113719142,5.706191825171995
HI,2017,December,202,HI17,1424393,14.181479409123746,Hawaii,Pacific,2422,1,101,924,38.15028901734104,0.04128819157720892,4.1701073492981005
HI,2018,December,212,HI18,1420593,14.923345391677982,Hawaii,Pacific,1245,2,83,587,47.14859437751004,0.1606425702811245,6.666666666666667
HI,2019,December,245,HI19,1415872,17.30382407449261,Hawaii,Pacific,1750,4,75,877,50.114285714285714,0.22857142857142856,4.285714285714286
HI,2020,December,276,HI20,1451252,19.018061646082142,Hawaii,Pacific,406,24,26,218,53.69458128078818,5.911330049261084,6.403940886699507
HI,2021,December,267,HI21,1447029,18.451599795166512,Hawaii,Pacific,1930,150,113,1005,52.07253886010363,7.772020725388601,5.8549222797927465
HI,2022,December,283,HI22,1440359,19.64787945227544,Hawaii,Pacific,1398,94,42,796,56.93848354792561,6.723891273247497,3.004291845493562
HI,2023,December,321,HI23,1441387,22.270216118225015,Hawaii,Pacific,836,56,34,379,45.334928229665074,6.698564593301436,4.0669856459330145
HI,2024,December,337,HI24,1446146,23.303317922256813,Hawaii,Pacific,1251,60,13,676,54.036770583533176,4.796163069544365,1.0391686650679457
IA,2015,December,300,IA15,3120960,9.612426945555214,Iowa,West North Central,19113,42,564,5788,30.283053419138806,0.21974572280646681,2.950871134829697
IA,2016,December,314,IA16,3131371,10.027556619768145,Iowa,West North Central,21035,62,536,6788,32.270026146898026,0.2947468504872831,2.5481340622771573
IA,2017,December,341,IA17,3141550,10.854514491254317,Iowa,West North Central,23910,252,732,8130,34.00250941028858,1.053952321204517,3.0614805520702637
IA,2018,December,277,IA18,3148618,8.797510526840664,Iowa,West North Central,23990,308,671,8599,35.84410170904543,1.2838682784493538,2.7969987494789494
IA,2019,December,350,IA19,3155070,11.093256251049898,Iowa,West North Central,23996,466,587,9016,37.57292882147024,1.9419903317219536,2.446241040173362
IA,2020,December,419,IA20,3191141,13.130099860833477,Iowa,West North Central,21378,620,572,7638,35.72831883244457,2.9001777528300123,2.6756478622883337
IA,2021,December,471,IA21,3198613,14.725132424585281,Iowa,West North Central,19936,657,533,8150,40.88081861958266,3.295545746388443,2.673555377207063
IA,2022,December,473,IA22,3202820,14.76823549247226,Iowa,West North Central,20344,829,327,7659,37.647463625639006,4.074911521824617,1.6073535194651987
IA,2023,December,447,IA23,3218414,13.88882847265765,Iowa,West North Central,21352,1261,433,7365,34.49325590108655,5.905769951292619,2.0279130760584487
IA,2024,December,427,IA24,3241488,13.172962540660338,Iowa,West North Central,17862,869,393,6289,35.208823200089576,4.865076699137835,2.200201545179711
ID,2015,December,214,ID15,1651059,12.961378121557134,Idaho,Mountain,11066,16,511,3537,31.962768841496477,0.1445870233146575,4.617748057111874
ID,2016,December,228,ID16,1682380,13.552229579524244,Idaho,Mountain,12550,17,836,4218,33.60956175298805,0.13545816733067728,6.661354581673307
ID,2017,December,234,ID17,1717715,13.622748826202253,Idaho,Mountain,14486,16,1027,4802,33.149247549358,0.11045147038519951,7.089603755349993
ID,2018,December,243,ID18,1750536,13.881462592028955,Idaho,Mountain,16392,39,1259,5535,33.766471449487554,0.23792093704245973,7.68057589067838
ID,2019,December,264,ID19,1787065,14.772825834538756,Idaho,Mountain,16035,57,1375,5432,33.87589647645775,0.35547240411599623,8.574992204552542
ID,2020,December,280,ID20,1849415,15.13992262418116,Idaho,Mountain,17837,151,1625,5577,31.266468576554352,0.8465549139429276,9.110276391769917
ID,2021,December,345,ID21,1904848,18.11168135200289,Idaho,Mountain,31005,961,1367,6343,20.45799064666989,3.099500080632156,4.4089662957587485
ID,2022,December,362,ID22,1944299,18.618535523600023,Idaho,Mountain,30702,2214,315,5704,18.57859422838903,7.211256595661521,1.0259917920656634
ID,2023,December,367,ID23,1971122,18.61883739311925,Idaho,Mountain,30423,2153,92,5298,17.414456168030767,7.076882621700687,0.3024027873648227
ID,2024,December,326,ID24,2001619,16.286815822591613,Idaho,Mountain,28006,1366,84,4814,17.189173748482467,4.877526244376205,0.29993572805827323
IL,2015,December,"1,864",IL15,12858913,14.495782030720635,Illinois,East North Central,79366,439,13840,2899,3.652697628707507,0.5531335836504296,17.438197716906483
IL,2016,December,"2,427",IL16,12820527,18.930579062779557,Illinois,East North Central,63914,1601,11506,4508,7.0532277748224175,2.5049284976687423,18.00231561160309
IL,2017,December,"2,765",IL17,12778828,21.637352032596414,Illinois,East North Central,59900,2818,11703,6778,11.315525876460768,4.704507512520868,19.537562604340568
IL,2018,December,"2,732",IL18,12723071,21.47280322494467,Illinois,East North Central,64219,5095,10314,8753,13.629922608573787,7.933789065541351,16.06066740372787
IL,2019,December,"2,775",IL19,12671821,21.898983579392418,Illinois,East North Central,46185,4474,6841,8884,19.235682580924543,9.687127855364295,14.812168452960918
IL,2020,December,"3,531",IL20,12799088,27.58790313809859,Illinois,East North Central,39073,5214,4802,7088,18.140403859442582,13.344253064776188,12.28981649732552
IL,2021,December,"3,786",IL21,12700641,29.809519062856747,Illinois,East North Central,39222,6014,4493,8356,21.304369996430573,15.33323134975269,11.455305695782979
IL,2022,December,"3,863",IL22,12621821,30.60572638448921,Illinois,East North Central,37812,5317,2859,7877,20.83201100179837,14.061673542790649,7.561091716915265
IL,2023,December,"3,537",IL23,12642259,27.97759482700046,Illinois,East North Central,37534,5026,2263,8282,22.06532743645761,13.390525923162999,6.029200191826078
IL,2024,December,"2,521",IL24,12710158,19.834529200974526,Illinois,East North Central,37305,4504,2444,8312,22.281195550194344,12.073448599383461,6.551400616539338
IN,2015,December,"1,232",IN15,6608422,18.64287722545564,Indiana,East North Central,33708,244,4003,4566,13.545745817016732,0.7238637712115819,11.875519164590008
IN,2016,December,"1,506",IN16,6634304,22.70019583064026,Indiana,East North Central,37034,648,3747,5782,15.612680239779662,1.749743478965275,10.117729653831613
IN,2017,December,"1,835",IN17,6658078,27.560506200137638,Indiana,East North Central,40591,1086,3723,7919,19.509250819147102,2.6754699317582715,9.171983937326008
IN,2018,December,"1,612",IN18,6695497,24.07588264172174,Indiana,East North Central,48658,1677,3198,11668,23.979612807760287,3.4465041719758314,6.5724033046980965
IN,2019,December,"1,704",IN19,6732219,25.31111955805359,Indiana,East North Central,51650,1911,3433,16303,31.56437560503388,3.6999031945788965,6.646660212971926
IN,2020,December,"2,267",IN20,6790497,33.38489067884133,Indiana,East North Central,31054,2039,1455,8991,28.952791910864946,6.565981838088491,4.6853867456688345
IN,2021,December,"2,789",IN21,6815907,40.918985543670125,Indiana,East North Central,34620,3044,941,10378,29.97689196995956,8.79260543038706,2.7180820335066436
IN,2022,December,"2,666",IN22,6844545,38.950726454424654,Indiana,East North Central,32745,2897,490,9186,28.053137883646357,8.847152236982746,1.4964116659031914
IN,2023,December,"2,193",IN23,6880131,31.874393089317632,Indiana,East North Central,29648,2845,290,8394,28.31219643820831,9.595925526173772,0.978143550998381
IN,2024,December,"1,695",IN24,6924275,24.479097089587,Indiana,East North Central,24065,2320,364,7608,31.614377726989403,9.640556825264907,1.5125701225846666
KS,2015,December,323,KS15,2909011,11.10342999734274,Kansas,West North Central,21978,18,184,5756,26.18982618982619,0.0819000819000819,0.8372008372008372
KS,2016,December,313,KS16,2910844,10.752895036628553,Kansas,West North Central,28090,27,441,7860,27.981488074047704,0.09611961552153792,1.5699537201851193
KS,2017,December,323,KS17,2908718,11.104548464306268,Kansas,West North Central,30275,51,514,9294,30.698596201486374,0.16845582163501238,1.6977704376548308
KS,2018,December,341,KS18,2911359,11.71274308664785,Kansas,West North Central,26471,88,561,8910,33.65947640814476,0.33243927316686184,2.119300366438744
KS,2019,December,380,KS19,2913314,13.043564819995373,Kansas,West North Central,28949,162,714,9716,33.56247193340012,0.5596048222736537,2.466406438909807
KS,2020,December,473,KS20,2938172,16.098444883417308,Kansas,West North Central,28255,276,758,8657,30.638824986728014,0.9768182622544682,2.6827110245974164
KS,2021,December,682,KS21,2938338,23.210399892728475,Kansas,West North Central,35187,1089,567,11135,31.645209878648366,3.094893000255776,1.6113905703811067
KS,2022,December,755,KS22,2937324,25.703667692089805,Kansas,West North Central,29707,2258,196,8911,29.996297169017403,7.60090214427576,0.6597771568990474
KS,2023,December,641,KS23,2951500,21.717770625105878,Kansas,West North Central,36476,2314,86,7994,21.915780239061302,6.343897357166356,0.23577146616953612
KS,2024,December,560,KS24,2970606,18.85137241357487,Kansas,West North Central,27278,1412,77,6445,23.627098760906225,5.176332575702031,0.28227875943984165
KY,2015,December,"1,248",KY15,4425976,28.19717052238873,Kentucky,East South Central,43516,515,4054,6188,14.220056990532218,1.18347274565677,9.316113613383584
KY,2016,December,"1,437",KY16,4438182,32.37812239335836,Kentucky,East South Central,46539,1077,3726,8825,18.96259051548164,2.314188100302972,8.006188358151228
KY,2017,December,"1,566",KY17,4452268,35.17308481879348,Kentucky,East South Central,54175,2428,3308,12706,23.453622519612367,4.481772035071527,6.10613751730503
KY,2018,December,"1,336",KY18,4461153,29.94741493959073,Kentucky,East South Central,46489,2936,2434,13884,29.865129385446018,6.3154724773602355,5.235647142334746
KY,2019,December,"1,369",KY19,4467673,30.642350055610606,Kentucky,East South Central,42428,3226,2074,15423,36.35099462619025,7.60346940699538,4.888281323654191
KY,2020,December,"2,104",KY20,4508318,46.66928996579212,Kentucky,East South Central,38206,4001,1658,13267,34.72491231743705,10.472177144951054,4.339632518452599
KY,2021,December,"2,397",KY21,4507583,53.17705741635817,Kentucky,East South Central,42017,4895,1157,16249,38.67244210676631,11.650046409786516,2.753647333222267
KY,2022,December,"2,309",KY22,4519233,51.09274073720032,Kentucky,East South Central,37993,4467,706,14375,37.83591714263154,11.757429000078963,1.8582370436659386
KY,2023,December,"2,131",KY23,4550595,46.829041037490704,Kentucky,East South Central,37103,4589,630,13532,36.47144435759912,12.368272107376763,1.6979759049133494
KY,2024,December,"1,538",KY24,4588372,33.519514110887265,Kentucky,East South Central,23285,2787,489,8233,35.35752630448787,11.969078806098347,2.100064419153962
LA,2015,December,875,LA15,4664628,18.758194651320533,Louisiana,West South Central,59211,32,1377,6930,11.70390636874905,0.05404401209234771,2.3255813953488373
LA,2016,December,"1,004",LA16,4678135,21.461543969979488,Louisiana,West South Central,64456,144,1774,9748,15.123495097430805,0.22340821645773862,2.75226511108353
LA,2017,December,"1,102",LA17,4670560,23.59460107567401,Louisiana,West South Central,64773,224,1695,10148,15.667021752890864,0.3458231053062233,2.616831087027002
LA,2018,December,"1,167",LA18,4659690,25.044584510986784,Louisiana,West South Central,59646,386,1883,10349,17.35070247795326,0.6471515273446669,3.156959393756497
LA,2019,December,"1,304",LA19,4648794,28.05028573001944,Louisiana,West South Central,65157,492,2253,12387,19.011004189879827,0.7550992218794603,3.457801924582163
LA,2020,December,"1,929",LA20,4652301,41.463353295498294,Louisiana,West South Central,63815,1362,2390,12021,18.837263966152157,2.1342944448797305,3.745200971558411
LA,2021,December,"2,512",LA21,4627971,54.278646084860945,Louisiana,West South Central,58469,2494,1935,11535,19.72840308539568,4.265508218030067,3.3094460312302245
LA,2022,December,"2,433",LA22,4593687,52.96399166943677,Louisiana,West South Central,43966,3023,1240,10242,23.295273620524952,6.87576763862985,2.8203611881908746
LA,2023,December,"2,255",LA23,4588071,49.14919581671687,Louisiana,West South Central,47885,3272,1056,11131,23.2452751383523,6.833037485642685,2.2052834916988617
LA,2024,December,"1,503",LA24,4597740,32.68997376972165,Louisiana,West South Central,41911,2653,1028,9781,23.337548614922095,6.330080408484646,2.452816682971058
MA,2015,December,"1,723",MA15,6794228,25.35976125617215,Massachusetts,New England,37510,2873,11358,161,0.42921887496667555,7.659290855771794,30.279925353239136
MA,2016,December,"2,198",MA16,6823608,32.21169797561642,Massachusetts,New England,42399,6242,9906,236,0.5566169013420128,14.722045331257812,23.363758579211773
MA,2017,December,"2,138",MA17,6859789,31.167139397436276,Massachusetts,New England,37354,7010,6994,401,1.0735128768003426,18.76639717299352,18.72356374150024
MA,2018,December,"2,238",MA18,6882635,32.516616092528515,Massachusetts,New England,36876,8875,5304,481,1.3043714068771017,24.067143941859204,14.383338756915066
MA,2019,December,"2,215",MA19,6892503,32.13636613578551,Massachusetts,New England,37744,9796,4762,672,1.7804154302670623,25.953793980500212,12.616574819838915
MA,2020,December,"2,296",MA20,6994598,32.82533177746598,Massachusetts,New England,23353,6034,2252,990,4.239284032030146,25.838222069969596,9.643300646597867
MA,2021,December,"2,555",MA21,7000474,36.49752859592079,Massachusetts,New England,26248,6896,1740,1590,6.057604388905822,26.27247790307833,6.629076501066748
MA,2022,December,"2,647",MA22,7022468,37.69330098762999,Massachusetts,New England,23408,5764,1152,1258,5.374231032125769,24.62406015037594,4.921394395078606
MA,2023,December,"2,380",MA23,7066568,33.6797155281036,Massachusetts,New England,24554,6005,1251,1252,5.098965545328664,24.456300399120305,5.094892889142298
MA,2024,December,"1,598",MA24,7136171,22.392961155218956,Massachusetts,New England,25260,5518,1197,1334,5.281076801266825,21.84481393507522,4.738717339667458
MD,2015,December,"1,320",MD15,5985562,22.05306703029724,Maryland,South Atlantic,61061,564,9740,160,0.2620330489182948,0.9236664974369893,15.951261852901197
MD,2016,December,"2,074",MD16,6003323,34.54753309125629,Maryland,South Atlantic,58342,1606,8292,314,0.5382057522882314,2.7527338795378973,14.212745534949093
MD,2017,December,"2,284",MD17,6023868,37.915837465229984,Maryland,South Atlantic,62032,3622,6701,518,0.8350528759350013,5.838921846788754,10.802489037915914
MD,2018,December,"2,393",MD18,6035802,39.64676110979121,Maryland,South Atlantic,61720,5602,4135,669,1.0839274141283215,9.076474400518471,6.699611147116007
MD,2019,December,"2,360",MD19,6045680,39.036138201161826,Maryland,South Atlantic,54506,6025,2979,987,1.8108098191024842,11.053828936263898,5.465453344585917
MD,2020,December,"2,761",MD20,6177935,44.69130866543594,Maryland,South Atlantic,35562,4817,1463,999,2.809178336426523,13.545357403970531,4.113941848040043
MD,2021,December,"2,724",MD21,6179403,44.08192830278265,Maryland,South Atlantic,27687,4229,869,1080,3.900747643298299,15.27431646621158,3.1386571315057608
MD,2022,December,"2,523",MD22,6192440,40.74322884032789,Maryland,South Atlantic,21627,3306,409,1007,4.656216766079438,15.286447496185325,1.8911545752993943
MD,2023,December,"2,493",MD23,6217062,40.09932665944139,Maryland,South Atlantic,17565,3138,304,1013,5.767150583546826,17.865072587532023,1.730714489040706
MD,2024,December,"1,749",MD24,6263220,27.92493318133484,Maryland,South Atlantic,17334,2612,475,1213,6.997807776623976,15.068651205722857,2.740279220029999
ME,2015,December,267,ME15,1328262,20.101455887467985,Maine,New England,1482,96,449,76,5.128205128205129,6.477732793522267,30.29689608636977
ME,2016,December,357,ME16,1331317,26.815551818237132,Maine,New England,1646,237,430,84,5.1032806804374244,14.39854191980559,26.12393681652491
ME,2017,December,409,ME17,1334612,30.645610859186043,Maine,New England,1445,288,208,77,5.328719723183391,19.930795847750865,14.39446366782007
ME,2018,December,338,ME18,1339057,25.241643933006586,Maine,New England,1823,416,171,196,10.75150850246846,22.819528250137136,9.380142622051563
ME,2019,December,362,ME19,1344212,26.9302758791024,Maine,New England,1675,428,93,183,10.925373134328359,25.55223880597015,5.552238805970149
ME,2020,December,490,ME20,1364571,35.908721495620235,Maine,New England,1998,562,58,265,13.263263263263264,28.12812812812813,2.9029029029029028
ME,2021,December,620,ME21,1378931,44.962365774647175,Maine,New England,2085,705,25,366,17.553956834532375,33.81294964028777,1.1990407673860912
ME,2022,December,706,ME22,1390922,50.75769885011525,Maine,New England,1374,284,13,277,20.160116448326054,20.66957787481805,0.9461426491994177
ME,2023,December,592,ME23,1399646,42.29640923490654,Maine,New England,776,118,3,107,13.788659793814434,15.206185567010309,0.3865979381443299
ME,2024,December,478,ME24,1405012,34.02106174182143,Maine,New England,580,103,7,77,13.275862068965518,17.75862068965517,1.206896551724138
MI,2015,December,"1,973",MI15,9931715,19.86565260883946,Michigan,East North Central,35184,268,3919,1550,4.405411550704866,0.7617098681218736,11.138585720782174
MI,2016,December,"2,342",MI16,9950571,23.536337763933346,Michigan,East North Central,33344,441,3307,1889,5.6651871401151634,1.3225767754318618,9.917826295585412
MI,2017,December,"2,665",MI17,9973114,26.721844350721348,Michigan,East North Central,33213,668,2669,2606,7.846325234095083,2.011260650949929,8.03600999608587
MI,2018,December,"2,575",MI18,9984072,25.791080032275406,Michigan,East North Central,32509,1030,2107,4061,12.491925312990249,3.1683533790642593,6.481282106493587
MI,2019,December,"2,358",MI19,9986857,23.611031979330434,Michigan,East North Central,24857,1799,1940,4734,19.044937039868046,7.237397916079978,7.804642555416986
MI,2020,December,"2,750",MI20,10072703,27.3015098330607,Michigan,East North Central,17868,1711,1083,3547,19.85113051264831,9.575777927020372,6.061114842175957
MI,2021,December,"3,092",MI21,10041351,30.792669233452745,Michigan,East North Central,5560,682,263,576,10.359712230215827,12.266187050359711,4.73021582733813
MI,2022,December,"2,969",MI22,10050877,29.5397108132952,Michigan,East North Central,4890,616,220,559,11.431492842535787,12.597137014314928,4.4989775051124745
MI,2023,December,"2,885",MI23,10083356,28.61150593116022,Michigan,East North Central,4367,556,137,477,10.922830318296313,12.731852530341195,3.137165101900618
MI,2024,December,"1,945",MI24,10140459,19.180591332206955,Michigan,East North Central,3331,398,131,341,10.237166016211347,11.94836385469829,3.9327529270489343
MN,2015,December,592,MN15,5482032,10.798915438654864,Minnesota,West North Central,10564,18,847,4089,38.70692919348731,0.17039000378644453,8.017796289284362
MN,2016,December,664,MN16,5522744,12.023008852121336,Minnesota,West North Central,11530,94,845,4589,39.80052038161318,0.8152645273200347,7.328707718993929
MN,2017,December,728,MN17,5566230,13.078870258684963,Minnesota,West North Central,14412,179,1110,5928,41.13238967527061,1.2420205384401888,7.701915070774355
MN,2018,December,639,MN18,5606249,11.39799534412403,Minnesota,West North Central,17315,354,1211,7433,42.92809702570026,2.0444701126191163,6.993935893733757
MN,2019,December,788,MN19,5639632,13.972542889323275,Minnesota,West North Central,14664,679,1171,6573,44.8240589198036,4.6303873431533,7.985542825968358
MN,2020,December,"1,065",MN20,5710735,18.649088077103908,Minnesota,West North Central,12622,1001,1127,6039,47.845032482966246,7.930597369672001,8.928854381239105
MN,2021,December,"1,344",MN21,5718660,23.502009211948256,Minnesota,West North Central,15334,1793,863,7013,45.734968044867614,11.69296987087518,5.62801617320986
MN,2022,December,"1,392",MN22,5721621,24.328769766470028,Minnesota,West North Central,14940,2458,452,5856,39.196787148594375,16.4524765729585,3.0254350736278446
MN,2023,December,"1,341",MN23,5753048,23.30938313047275,Minnesota,West North Central,11613,2619,195,4882,42.039094118660124,22.552312064066133,1.679152673727719
MN,2024,December,994,MN24,5793151,17.158192493169953,Minnesota,West North Central,8068,1411,86,4041,50.08676251859197,17.488844819038174,1.065939514129896
MO,2015,December,"1,087",MO15,6071732,17.902634701268106,Missouri,West North Central,42217,306,3740,12097,28.654333562309024,0.7248264916976573,8.858990454082479
MO,2016,December,"1,386",MO16,6087135,22.769332370647273,Missouri,West North Central,43796,675,4000,13816,31.546259932413918,1.541236642615764,9.133254178463787
MO,2017,December,"1,398",MO17,6106670,22.893000604257313,Missouri,West North Central,46609,1775,3722,15446,33.13952240983501,3.808277371323135,7.985582183698427
MO,2018,December,"1,635",MO18,6121623,26.70860325766549,Missouri,West North Central,44553,2787,2277,17059,38.289228559244044,6.255471012053061,5.110766951720423
MO,2019,December,"1,603",MO19,6137428,26.118432672448456,Missouri,West North Central,44836,3619,1731,19671,43.873226871264166,8.071638861629047,3.860736907841913
MO,2020,December,"1,915",MO20,6154744,31.114210436697284,Missouri,West North Central,39478,4469,1061,16941,42.912508232433254,11.320228988297279,2.6875728253710927
MO,2021,December,"2,195",MO21,6171374,35.567444138047705,Missouri,West North Central,44359,5637,763,19145,43.1592236073852,12.70768051579161,1.7200568092157171
MO,2022,December,"2,212",MO22,6179414,35.79627453347518,Missouri,West North Central,36772,5056,424,16314,44.365277928858916,13.749592080931142,1.1530512346350483
MO,2023,December,"2,014",MO23,6208038,32.44181172860089,Missouri,West North Central,31729,5879,319,14428,45.47259604777963,18.528790696208517,1.0053893914084906
MO,2024,December,"1,482",MO24,6245466,23.729214121092006,Missouri,West North Central,25704,3950,287,12167,47.33504512916278,15.367258014316837,1.116557734204793
MS,2015,December,333,MS15,2988471,11.142821864424986,Mississippi,East South Central,22065,24,340,4558,20.657149331520507,0.10876954452753229,1.5409018808067074
MS,2016,December,332,MS16,2987938,11.111341667732061,Mississippi,East South Central,25505,62,398,7083,27.771025289158988,0.24308959027641638,1.5604783375808664
MS,2017,December,329,MS17,2988510,11.008830487433537,Mississippi,East South Central,25629,133,424,8013,31.265363455460612,0.5189433844473058,1.6543759022981779
MS,2018,December,290,MS18,2981020,9.728213832849159,Mississippi,East South Central,24573,185,445,8784,35.74655109266268,0.7528588287958329,1.810930696292679
MS,2019,December,365,MS19,2976149,12.264170913485849,Mississippi,East South Central,24450,287,571,9673,39.56237218813906,1.1738241308793456,2.3353783231083844
MS,2020,December,532,MS20,2958536,17.981866707046997,Mississippi,East South Central,21467,501,458,7435,34.634555364047145,2.3338146923184424,2.1335072436763403
MS,2021,December,746,MS21,2947209,25.312083398225237,Mississippi,East South Central,22620,815,268,8117,35.8841732979664,3.603006189213086,1.1847922192749778
MS,2022,December,702,MS22,2941939,23.861813586209642,Mississippi,East South Central,20558,875,136,6926,33.69004767000681,4.256250608035801,0.6615429516489931
MS,2023,December,633,MS23,2943172,21.507407654054877,Mississippi,East South Central,16390,937,72,6098,37.20561317876754,5.716900549115314,0.43929225137278827
MS,2024,December,491,MS24,2943045,16.68340103532226,Mississippi,East South Central,9856,569,46,4054,41.1323051948052,5.773133116883117,0.4667207792207792
MT,2015,December,131,MT15,1030475,12.712584002523108,Montana,Mountain,3560,11,146,2070,58.146067415730336,0.3089887640449438,4.101123595505618
MT,2016,December,114,MT16,1040859,10.952492124293492,Montana,Mountain,3817,9,271,2131,55.829185223997904,0.23578726748755569,7.0998166099030655
MT,2017,December,118,MT17,1052482,11.211593167389086,Montana,Mountain,5027,28,346,2790,55.50029838870101,0.5569922418937736,6.882832703401631
MT,2018,December,117,MT18,1060665,11.030815573248859,Montana,Mountain,4846,23,364,2782,57.4081716879901,0.4746182418489476,7.5113495666529095
MT,2019,December,139,MT19,1068778,13.005507224138222,Montana,Mountain,4078,31,403,2269,55.64001961745954,0.7601765571358509,9.882295242766062
MT,2020,December,157,MT20,1087230,14.440366803712186,Montana,Mountain,3559,44,339,1982,55.68980050576005,1.236302332115763,9.525147513346445
MT,2021,December,189,MT21,1106522,17.08054607138403,Montana,Mountain,5744,284,680,3271,56.94637883008357,4.944289693593315,11.838440111420613
MT,2022,December,191,MT22,1122095,17.021731671560786,Montana,Mountain,6133,1021,195,2883,47.00798956465025,16.647643893689875,3.179520626120985
MT,2023,December,184,MT23,1131302,16.26444574481438,Montana,Mountain,7551,1294,61,2731,36.16739504701364,17.136803072440735,0.8078400211892465
MT,2024,December,171,MT24,1137233,15.03649647873391,Montana,Mountain,7494,1096,36,2604,34.747798238590875,14.62503336002135,0.4803843074459568
NC,2015,December,"1,537",NC15,10031646,15.321513538256832,North Carolina,South Atlantic,24760,41,947,1715,6.926494345718901,0.16558966074313408,3.8247172859450727
NC,2016,December,"1,931",NC16,10154788,19.015660395864494,North Carolina,South Atlantic,27329,121,1289,2783,10.183321746130485,0.4427531193969776,4.716601412419042
NC,2017,December,"2,369",NC17,10268233,23.071155475338358,North Carolina,South Atlantic,35026,497,1898,4307,12.296579683663564,1.4189459258836292,5.418831725004282
NC,2018,December,"2,246",NC18,10381615,21.63439888687839,North Carolina,South Atlantic,36698,1483,2704,5032,13.711918905662435,4.041092157610769,7.368248950896507
NC,2019,December,"2,236",NC19,10488084,21.319432605612235,North Carolina,South Atlantic,19380,1634,2063,4682,24.15892672858617,8.431372549019608,10.64499484004128
NC,2020,December,"3,121",NC20,10449652,29.867023322881945,North Carolina,South Atlantic,24789,3409,2817,8301,33.48662713300254,13.752067449271854,11.36391141231998
NC,2021,December,"3,900",NC21,10564320,36.91671588895452,North Carolina,South Atlantic,22409,2955,1374,8176,36.48534071132134,13.186666071667634,6.131465036369316
NC,2022,December,"4,255",NC22,10710793,39.726283572094054,North Carolina,South Atlantic,25036,3525,743,8293,33.12430100655057,14.079725195718165,2.967726473877616
NC,2023,December,"3,489",NC23,10881189,32.06451059714154,North Carolina,South Atlantic,27764,4794,465,8874,31.962253277625702,17.266964414349516,1.6748307160351534
NC,2024,December,"2,771",NC24,11046024,25.085949478291916,North Carolina,South Atlantic,29349,4832,435,8620,29.37067702477086,16.463934035231183,1.482162935704794
ND,2015,December,66,ND15,754066,8.752549511581215,North Dakota,West North Central,12561,23,479,4170,33.19799379030332,0.18310644057001832,3.8133906536103814
ND,2016,December,80,ND16,754434,10.603975960786496,North Dakota,West North Central,13480,54,918,4598,34.10979228486647,0.40059347181008903,6.810089020771513
ND,2017,December,76,ND17,754942,10.066998524389954,North Dakota,West North Central,12775,71,762,4551,35.62426614481409,0.5557729941291585,5.964774951076321
ND,2018,December,70,ND18,758080,9.233853946813001,North Dakota,West North Central,10718,88,461,4124,38.47732785967531,0.821048703116253,4.30117559246128
ND,2019,December,90,ND19,762062,11.810062698310636,North Dakota,West North Central,7918,262,511,3282,41.4498610760293,3.3089163930285426,6.453649911593836
ND,2020,December,123,ND20,779563,15.778070534389139,North Dakota,West North Central,4954,350,304,2357,47.57771497779572,7.064997981429149,6.1364553895841745
ND,2021,December,136,ND21,777966,17.48148376664276,North Dakota,West North Central,4334,510,173,1925,44.41624365482234,11.767420396862022,3.991693585602215
ND,2022,December,141,ND22,781057,18.052459679639256,North Dakota,West North Central,3721,885,77,1463,39.31738779897877,23.783929051330286,2.069336199946251
ND,2023,December,127,ND23,789047,16.095365675301977,North Dakota,West North Central,4043,1027,17,1652,40.86074697007173,25.40192926045016,0.42047984170170666
ND,2024,December,120,ND24,796568,15.064627250906389,North Dakota,West North Central,4014,865,25,1514,37.7179870453413,21.54957648231191,0.6228201295465869
NE,2015,December,123,NE15,1891277,6.503542315588884,Nebraska,West North Central,7476,1,38,3146,42.08132691278759,0.01337613697164259,0.5082932049224184
NE,2016,December,113,NE16,1905616,5.929841059269024,Nebraska,West North Central,9609,10,50,3757,39.09876157768758,0.10406910188365075,0.5203455094182537
NE,2017,December,157,NE17,1915947,8.194381159812876,Nebraska,West North Central,9890,13,161,3868,39.110212335692616,0.13144590495449948,1.627906976744186
NE,2018,December,140,NE18,1925614,7.270408295743591,Nebraska,West North Central,9958,44,132,4087,41.0423779875477,0.4418557943362121,1.3255673830086363
NE,2019,December,146,NE19,1934408,7.547528752982825,Nebraska,West North Central,9500,21,126,4606,48.48421052631579,0.22105263157894736,1.3263157894736841
NE,2020,December,210,NE20,1963387,10.695802712353704,Nebraska,West North Central,6860,82,108,3243,47.27405247813411,1.19533527696793,1.5743440233236152
NE,2021,December,218,NE21,1964537,11.096762239652396,Nebraska,West North Central,6365,179,64,3151,49.50510604870385,2.812254516889238,1.0054988216810683
NE,2022,December,223,NE22,1972246,11.306905933641138,Nebraska,West North Central,6420,342,44,2914,45.389408099688474,5.327102803738318,0.6853582554517134
NE,2023,December,171,NE23,1987864,8.602198138303223,Nebraska,West North Central,7200,616,29,3353,46.56944444444444,8.555555555555555,0.4027777777777778
NE,2024,December,145,NE24,2005465,7.23024336001875,Nebraska,West North Central,4084,243,9,2351,57.56611165523996,5.950048971596474,0.22037218413320275
NH,2015,December,415,NH15,1336350,31.054738653795788,New Hampshire,New England,8588,1158,1262,284,3.3069399161620865,13.483931066604564,14.694923148579413
NH,2016,December,458,NH16,1342307,34.1203614374357,New Hampshire,New England,8404,1606,649,480,5.7115659209900045,19.10994764397906,7.722513089005235
NH,2017,December,478,NH17,1348787,35.43925023002149,New Hampshire,New England,9496,2075,359,889,9.36183656276327,21.851305812973884,3.7805391743892165
NH,2018,December,446,NH18,1353465,32.952459058786154,New Hampshire,New England,7862,1955,290,1031,13.113711523785296,24.866446196896465,3.6886288476214704
NH,2019,December,395,NH19,1359711,29.05029083386102,New Hampshire,New England,7635,1528,283,1260,16.50294695481336,20.013097576948265,3.7066142763588736
NH,2020,December,393,NH20,1378756,28.50395573981183,New Hampshire,New England,6962,1476,170,1086,15.598965814421144,21.200804366561332,2.4418270611893136
NH,2021,December,433,NH21,1387677,31.203226687478427,New Hampshire,New England,7732,2012,122,1537,19.87842731505432,26.02172788411795,1.5778582514226591
NH,2022,December,484,NH22,1396678,34.65365674837006,New Hampshire,New England,6750,1713,86,1277,18.918518518518518,25.377777777777776,1.2740740740740741
NH,2023,December,430,NH23,1402199,30.666118004648414,New Hampshire,New England,5586,1566,56,1068,19.11922663802363,28.0343716433942,1.0025062656641603
NH,2024,December,282,NH24,1409032,20.013739929256396,New Hampshire,New England,6463,1547,61,1199,18.551756150394553,23.93625251431224,0.9438341327556862
NJ,2015,December,"1,423",NJ15,8867949,16.046551463027132,New Jersey,Middle Atlantic,59999,757,13778,419,0.698344972416207,1.2616876947949132,22.963716061934367
NJ,2016,December,"1,971",NJ16,8870827,22.21889796746121,New Jersey,Middle Atlantic,79878,1961,15204,650,0.8137409549563084,2.454993865645109,19.03402689100879
NJ,2017,December,"2,621",NJ17,8885525,29.49741292720464,New Jersey,Middle Atlantic,89541,4022,13472,1028,1.148077417049173,4.491797053863594,15.045621558838967
NJ,2018,December,"2,857",NJ18,8886025,32.15160884647522,New Jersey,Middle Atlantic,72158,7458,11527,1323,1.8334765375980486,10.335652318523241,15.974666703622606
NJ,2019,December,"2,774",NJ19,8882190,31.23103648987468,New Jersey,Middle Atlantic,75183,10192,9775,2342,3.115065905856377,13.55625606852613,13.001609406381762
NJ,2020,December,"2,817",NJ20,9272794,30.37919315364927,New Jersey,Middle Atlantic,56391,9204,5581,2177,3.8605451224486176,16.32175347129861,9.896969374545584
NJ,2021,December,"3,009",NJ21,9270541,32.4576526871517,New Jersey,Middle Atlantic,45851,9043,3899,2390,5.2125362587511725,19.722579660203703,8.503631327561013
NJ,2022,December,"2,945",NJ22,9295227,31.682927162510396,New Jersey,Middle Atlantic,49219,9412,3333,2828,5.74574859302302,19.122696519636726,6.7717751274914155
NJ,2023,December,"2,667",NJ23,9379642,28.433921038777388,New Jersey,Middle Atlantic,46208,8097,2577,3370,7.293109418282548,17.522939750692522,5.576956371191136
NJ,2024,December,"1,951",NJ24,9500851,20.535002601345923,New Jersey,Middle Atlantic,39095,6799,2094,3606,9.223685893336745,17.39097071236731,5.356183655198874
NM,2015,December,496,NM15,2089291,23.740110879719484,New Mexico,Mountain,12294,4,1641,4315,35.09842199446884,0.03253619651862697,13.347974621766715
NM,2016,December,494,NM16,2091630,23.617943900211795,New Mexico,Mountain,12837,22,1816,5009,39.02002025395342,0.1713796058269066,14.146607462802836
NM,2017,December,494,NM17,2091784,23.616205114868457,New Mexico,Mountain,11735,31,1579,4901,41.76395398380912,0.2641670217298679,13.455475074563273
NM,2018,December,525,NM18,2092741,25.086716416412735,New Mexico,Mountain,12270,54,1674,5170,42.13528932355338,0.4400977995110024,13.643031784841076
NM,2019,December,609,NM19,2096829,29.043856222896576,New Mexico,Mountain,12142,234,1795,5159,42.48888156811069,1.9271948608137044,14.783396475045297
NM,2020,December,792,NM20,2118606,37.383071699032286,New Mexico,Mountain,10194,379,1319,4352,42.69177947812439,3.717873258779674,12.93898371591132
NM,2021,December,"1,040",NM21,2117333,49.118395642064804,New Mexico,Mountain,12429,1838,1268,5278,42.465202349344274,14.787995816236222,10.201947059296806
NM,2022,December,"1,007",NM22,2113868,47.637790060684964,New Mexico,Mountain,12068,3389,377,4422,36.64235996022539,28.082532316871063,3.1239642028505137
NM,2023,December,994,NM23,2121164,46.86106307668808,New Mexico,Mountain,11775,3808,137,3768,32,32.339702760084926,1.1634819532908705
NM,2024,December,784,NM24,2130256,36.80308845509647,New Mexico,Mountain,8856,2587,125,3091,34.902890695573625,29.211833785004515,1.411472448057814
NV,2015,December,665,NV15,2866939,23.195470848874006,Nevada,Mountain,4140,17,447,921,22.246376811594203,0.4106280193236715,10.797101449275363
NV,2016,December,707,NV16,2917563,24.232552990286756,Nevada,Mountain,3973,8,409,937,23.58419330480745,0.20135917442738485,10.29448779260005
NV,2017,December,756,NV17,2969905,25.45535968322219,Nevada,Mountain,4464,14,404,1368,30.64516129032258,0.31362007168458783,9.050179211469533
NV,2018,December,741,NV18,3027341,24.47692546032971,Nevada,Mountain,5714,34,602,1791,31.34406720336017,0.5950297514875744,10.535526776338816
NV,2019,December,710,NV19,3080156,23.050780544881494,Nevada,Mountain,7845,88,631,2662,33.93244104525175,1.1217335882727852,8.04333970681963
NV,2020,December,915,NV20,3116967,29.355459971183528,Nevada,Mountain,6780,152,436,1986,29.292035398230087,2.24188790560472,6.430678466076696
NV,2021,December,"1,039",NV21,3148141,33.003604349360465,Nevada,Mountain,7788,290,351,2164,27.78633795582948,3.7236774524910117,4.50693374422188
NV,2022,December,"1,127",NV22,3176116,35.483590649711786,Nevada,Mountain,3544,358,259,991,27.962753950338602,10.10158013544018,7.308126410835214
NV,2023,December,"1,400",NV23,3214363,43.55450831160015,Nevada,Mountain,2173,377,125,698,32.12149102623102,17.349286700414172,5.752416014726185
NV,2024,December,"1,473",NV24,3267467,45.08079194066841,Nevada,Mountain,1296,238,63,403,31.09567901234568,18.364197530864196,4.861111111111111
NY,2015,December,"1,802",NY15,19654666,9.168306396048653,New York,Middle Atlantic,21331,169,4137,282,1.3220195958933008,0.7922741549857015,19.394308752519805
NY,2016,December,"2,248",NY16,19633428,11.449859902203528,New York,Middle Atlantic,23209,717,4020,354,1.525270369253307,3.0893187987418673,17.320866905079924
NY,2017,December,"2,444",NY17,19589572,12.47602550989884,New York,Middle Atlantic,28157,1451,4052,629,2.2339027595269383,5.153247860212381,14.390737649607557
NY,2018,December,"2,236",NY18,19530351,11.44884697668772,New York,Middle Atlantic,28733,1820,3190,636,2.21348275502036,6.334180210907319,11.102216963073818
NY,2019,December,"2,086",NY19,19453561,10.722972519015928,New York,Middle Atlantic,28655,2230,2732,1039,3.625894259291572,7.782236956901064,9.534112720293143
NY,2020,December,"2,874",NY20,20105171,14.294829922113072,New York,Middle Atlantic,25195,3246,2110,1600,6.350466362373487,12.883508632665212,8.374677515380036
NY,2021,December,"3,170",NY21,19848276,15.971160417156634,New York,Middle Atlantic,25635,3846,1608,1999,7.797932514140823,15.002925687536571,6.272674078408426
NY,2022,December,"3,401",NY22,19703747,17.260676357649132,New York,Middle Atlantic,27828,4431,1303,2184,7.8482104355325575,15.922811556705476,4.682334339514158
NY,2023,December,"3,408",NY23,19737367,17.26674079678409,New York,Middle Atlantic,27932,3941,760,2507,8.975368752685092,14.10926535872834,2.7208935987397966
NY,2024,December,"2,330",NY24,19867248,11.727844742261233,New York,Middle Atlantic,27119,3514,817,2614,9.638998488144843,12.957704930122793,3.0126479589955384
OH,2015,December,"3,336",OH15,11617527,28.71523345717208,Ohio,East North Central,124595,4025,23420,5581,4.479312974035876,3.2304667121473574,18.79690196235804
OH,2016,December,"4,326",OH16,11634370,37.18293298218984,Ohio,East North Central,133882,9371,21128,8471,6.3272135163800955,6.999447274465574,15.781060934255539
OH,2017,December,"5,138",OH17,11659650,44.066502853859255,Ohio,East North Central,146076,12133,15667,14312,9.797639584873627,8.305950327226922,10.725238916728278
OH,2018,December,"4,004",OH18,11676341,34.29156445499493,Ohio,East North Central,152617,16410,13085,21669,14.198287215709914,10.75240635053762,8.573749975428688
OH,2019,December,"4,279",OH19,11689100,36.60675330008298,Ohio,East North Central,151715,17282,12063,27918,18.40160827868042,11.391095145503082,7.951092508980654
OH,2020,December,"5,215",OH20,11798905,44.19901677316666,Ohio,East North Central,133343,19310,7452,29196,21.895412582587763,14.481450094868123,5.588594826875052
OH,2021,December,"5,405",OH21,11767344,45.932200163435354,Ohio,East North Central,144943,21057,4540,33400,23.04354125414818,14.527779885886176,3.1322657872405015
OH,2022,December,"5,144",OH22,11777874,43.67511488066522,Ohio,East North Central,118304,18049,3093,25108,21.223289153367595,15.256457938869353,2.6144509061401138
OH,2023,December,"4,745",OH23,11824034,40.13012817791289,Ohio,East North Central,113413,16874,2889,22013,19.409591493038718,14.878364914075107,2.54732702600231
OH,2024,December,"3,144",OH24,11883304,26.457288309715885,Ohio,East North Central,98974,12827,3020,20576,20.78929819952715,12.95996928486269,3.0513064037019824
OK,2015,December,722,OK15,3909500,18.46783476147845,Oklahoma,West South Central,47884,18,466,15449,32.26338651741709,0.03759084454097402,0.9731851975607718
OK,2016,December,803,OK16,3926331,20.451663397711503,Oklahoma,West South Central,54229,29,935,18300,33.74578177727784,0.053476921942134284,1.7241697246860537
OK,2017,December,770,OK17,3931316,19.5863166430783,Oklahoma,West South Central,49571,44,1029,16337,32.9567690786952,0.08876157430755885,2.075810453692683
OK,2018,December,703,OK18,3940235,17.841575439028382,Oklahoma,West South Central,38851,61,1034,12845,33.06221204087411,0.15701011556974082,2.6614501557231476
OK,2019,December,618,OK19,3956971,15.618006803688983,Oklahoma,West South Central,33398,115,1423,13151,39.37660937780706,0.34433199592789987,4.2607341756991435
OK,2020,December,746,OK20,3965415,18.812658952467775,Oklahoma,West South Central,25376,186,1566,9709,38.260561160151326,0.7329760403530895,6.171185372005044
OK,2021,December,934,OK21,3992238,23.395398771315737,Oklahoma,West South Central,33215,639,1488,11833,35.62547041999097,1.9238295950624718,4.47990365798585
OK,2022,December,"1,183",OK22,4026229,29.38233269891007,Oklahoma,West South Central,34478,1977,1005,10861,31.50124717210975,5.734091304600035,2.9149022565113984
OK,2023,December,"1,258",OK23,4063882,30.955623219374974,Oklahoma,West South Central,34035,2667,287,10310,30.29234611429411,7.836051123843102,0.8432495960041134
OK,2024,December,"1,017",OK24,4095393,24.832781615830275,Oklahoma,West South Central,35837,2499,236,11270,31.447944861456037,6.973239947540252,0.6585372659541814
OR,2015,December,497,OR15,4015792,12.376139003215307,Oregon,Pacific,20792,30,2931,9828,47.268180069257404,0.1442862639476722,14.096767987687572
OR,2016,December,496,OR16,4089976,12.127210526418736,Oregon,Pacific,17712,25,2982,9354,52.81165311653117,0.1411472448057814,16.836043360433603
OR,2017,December,534,OR17,4143625,12.887266584210685,Oregon,Pacific,15534,52,2896,7849,50.52787434015708,0.33474958156302304,18.64297669627913
OR,2018,December,556,OR18,4181886,13.295436556615842,Oregon,Pacific,17269,131,3043,9043,52.365510452255485,0.7585847472349296,17.62117088424344
OR,2019,December,610,OR19,4217737,14.462732029047805,Oregon,Pacific,14973,216,3265,8842,59.05296199826354,1.442596674013224,21.805917317838777
OR,2020,December,797,OR20,4243779,18.78043130898192,Oregon,Pacific,11432,403,2450,6567,57.44401679496151,3.5251924422673198,21.43107067879636
OR,2021,December,"1,181",OR21,4254280,27.760279060146487,Oregon,Pacific,6599,671,1216,3073,46.567661766934386,10.16820730413699,18.42703439915139
OR,2022,December,"1,387",OR22,4247372,32.65548673391452,Oregon,Pacific,5379,1360,401,1537,28.57408440230526,25.28350994608663,7.454917270868191
OR,2023,December,"1,851",OR23,4253653,43.51553829144032,Oregon,Pacific,7381,1824,180,1846,25.010161224766293,24.712098631621732,2.4386939439100392
OR,2024,December,"1,529",OR24,4272371,35.788090500567485,Oregon,Pacific,6361,1235,148,2120,33.32809306712781,19.415186291463606,2.326678195252319
PA,2015,December,"3,263",PA15,12784826,25.52244355926314,Pennsylvania,Middle Atlantic,85478,1099,18983,2197,2.570251994665294,1.2857109431666627,22.20805353424273
PA,2016,December,"4,648",PA16,12782275,36.362854030288034,Pennsylvania,Middle Atlantic,83374,3222,17577,2899,3.4771031736512583,3.8645141171108497,21.082111929378463
PA,2017,December,"5,434",PA17,12787641,42.49415509866128,Pennsylvania,Middle Atlantic,86653,8563,13758,3732,4.306833000588554,9.881942921768433,15.877119084163272
PA,2018,December,"4,415",PA18,12800922,34.489703163569,Pennsylvania,Middle Atlantic,85512,10888,11085,5207,6.089203854429788,12.732715876134344,12.963092899242211
PA,2019,December,"4,444",PA19,12801989,34.713355869935526,Pennsylvania,Middle Atlantic,81563,12031,9219,6959,8.532054975908194,14.750560916101664,11.3029192158209
PA,2020,December,"5,178",PA20,12996143,39.84259022080628,Pennsylvania,Middle Atlantic,63409,10055,5681,8257,13.021810783958113,15.857370404832121,8.95929599899068
PA,2021,December,"5,444",PA21,13015571,41.82682419388285,Pennsylvania,Middle Atlantic,89660,16684,5947,10312,11.501226857015391,18.608074949810394,6.632835155030114
PA,2022,December,"5,212",PA22,12984990,40.138652397884016,Pennsylvania,Middle Atlantic,74259,13458,3339,8525,11.480089955426278,18.123055791217226,4.496424675796873
PA,2023,December,"4,746",PA23,13017721,36.457994452331555,Pennsylvania,Middle Atlantic,70038,11615,2340,7956,11.359547674119764,16.583854478997115,3.341043433564636
PA,2024,December,"3,360",PA24,13078751,25.690526564807296,Pennsylvania,Middle Atlantic,66873,10269,2045,6099,9.120272755820736,15.355973262751784,3.0580353804973606
RI,2015,December,319,RI15,1056065,30.20647403332181,Rhode Island,New England,3142,182,655,32,1.0184595798854232,5.792488860598345,20.846594525779757
RI,2016,December,346,RI16,1056770,32.74127766685277,Rhode Island,New England,3646,464,604,31,0.850246845858475,12.726275370268787,16.566099835436095
RI,2017,December,332,RI17,1055673,31.44913244915803,Rhode Island,New England,4597,540,410,59,1.2834457254731346,11.746791385686317,8.91886012616924
RI,2018,December,331,RI18,1058287,31.276959841706457,Rhode Island,New England,6340,668,282,107,1.6876971608832807,10.53627760252366,4.44794952681388
RI,2019,December,317,RI19,1059361,29.92369928664544,Rhode Island,New England,7212,699,221,189,2.6206322795341097,9.692179700499167,3.064337215751525
RI,2020,December,397,RI20,1096530,36.20511978696433,Rhode Island,New England,5497,557,110,270,4.911770056394397,10.132799708932145,2.0010915044569764
RI,2021,December,460,RI21,1097246,41.92314212127454,Rhode Island,New England,9305,840,78,448,4.814615797958087,9.027404621171414,0.8382590005373455
RI,2022,December,452,RI22,1099498,41.109670049422554,Rhode Island,New England,8264,747,72,325,3.932720232333011,9.039206195546951,0.8712487899322362
RI,2023,December,416,RI23,1103429,37.70065858337963,Rhode Island,New England,7529,665,59,299,3.971310931066543,8.832514278124584,0.7836366051268429
RI,2024,December,333,RI24,1112308,29.937751054564025,Rhode Island,New England,6804,494,95,215,3.1599059376837153,7.260435038212816,1.3962375073486184
SC,2015,December,736,SC15,4891938,15.045162060516713,South Carolina,South Atlantic,24573,118,1400,3958,16.107109429048144,0.48020184755626094,5.697310055752248
SC,2016,December,871,SC16,4957968,17.567680953164682,South Carolina,South Atlantic,24070,188,1267,4771,19.82135438304944,0.7810552555047777,5.263813876194433
SC,2017,December,"1,001",SC17,5021268,19.935203617890938,South Carolina,South Atlantic,33124,674,2441,7426,22.418790001207583,2.034778408404782,7.369279072575776
SC,2018,December,"1,106",SC18,5084156,21.753856490634828,South Carolina,South Atlantic,37603,1367,2201,9700,25.79581416376353,3.6353482434912108,5.85325638911789
SC,2019,December,"1,131",SC19,5148714,21.966650313068467,South Carolina,South Atlantic,44225,1666,3017,9489,21.456189937817975,3.7671000565291126,6.821933295647258
SC,2020,December,"1,729",SC20,5132249,33.688934422316606,South Carolina,South Atlantic,31261,1851,1730,7508,24.017145964620454,5.921115767249928,5.534052013691181
SC,2021,December,"2,166",SC21,5194274,41.69976400936878,South Carolina,South Atlantic,33209,2698,1110,8537,25.706886687343793,8.124303652624288,3.342467403414737
SC,2022,December,"2,292",SC22,5287935,43.343951845096434,South Carolina,South Atlantic,29896,2475,462,5919,19.798635268932298,8.278699491570778,1.5453572384265453
SC,2023,December,"2,153",SC23,5387830,39.96042933797094,South Carolina,South Atlantic,19871,1658,170,4661,23.456293090433295,8.343817623672688,0.8555180916914096
SC,2024,December,"1,479",SC24,5478831,26.9948096592138,South Carolina,South Atlantic,22002,1826,191,5233,23.78420143623307,8.29924552313426,0.8681028997363877
SD,2015,December,62,SD15,853988,7.260055176419341,South Dakota,West North Central,1051,0,5,537,51.0941960038059,0,0.47573739295908657
SD,2016,December,69,SD16,862996,7.9954020644359876,South Dakota,West North Central,1308,1,21,731,55.8868501529052,0.0764525993883792,1.6055045871559632
SD,2017,December,75,SD17,872868,8.592364481227403,South Dakota,West North Central,1668,6,36,962,57.673860911270985,0.3597122302158273,2.158273381294964
SD,2018,December,57,SD18,878698,6.4868703468085736,South Dakota,West North Central,2373,3,76,1178,49.64180362410451,0.1264222503160556,3.2026970080067425
SD,2019,December,88,SD19,884659,9.947335640060182,South Dakota,West North Central,2688,7,100,1343,49.96279761904762,0.2604166666666667,3.7202380952380953
SD,2020,December,74,SD20,887948,8.333821349898868,South Dakota,West North Central,1620,4,63,960,59.25925925925926,0.24691358024691357,3.888888888888889
SD,2021,December,101,SD21,896492,11.266135113308318,South Dakota,West North Central,1589,23,46,1201,75.58212712397734,1.44745122718691,2.89490245437382
SD,2022,December,84,SD22,909723,9.233579891901162,South Dakota,West North Central,1609,99,19,1177,73.15102548166563,6.152889993784959,1.1808576755748912
SD,2023,December,84,SD23,918305,9.147287665862649,South Dakota,West North Central,1464,97,3,1075,73.42896174863388,6.6256830601092895,0.20491803278688525
SD,2024,December,89,SD24,924669,9.625065834368838,South Dakota,West North Central,206,33,0,91,44.1747572815534,16.019417475728154,0
TN,2015,December,"1,455",TN15,6591170,22.07498820391524,Tennessee,East South Central,35967,130,718,4925,13.693107570828815,0.3614424333416743,1.9962743626101704
TN,2016,December,"1,643",TN16,6646010,24.721599877219564,Tennessee,East South Central,41568,337,975,7702,18.528675904541956,0.8107197844495766,2.345554272517321
TN,2017,December,"1,783",TN17,6708799,26.57703711200768,Tennessee,East South Central,47279,548,1331,10293,21.770765033101377,1.1590769686330082,2.8152033672455
TN,2018,December,"1,837",TN18,6771631,27.127881008282937,Tennessee,East South Central,51230,1214,1800,12271,23.952762053484285,2.369705250829592,3.5135662697638104
TN,2019,December,"2,138",TN19,6829174,31.306860829728457,Tennessee,East South Central,55504,2019,2196,14220,25.619775151340445,3.637575670221966,3.956471605650043
TN,2020,December,"3,090",TN20,6927904,44.602234672997774,Tennessee,East South Central,47152,3782,2413,13044,27.663725822870717,8.020868680013573,5.1174923651170685
TN,2021,December,"3,861",TN21,6965740,55.42842540778152,Tennessee,East South Central,58241,4942,1669,14992,25.741316254871997,8.485431225425387,2.865678817327999
TN,2022,December,"3,862",TN22,7062217,54.68537712732418,Tennessee,East South Central,47533,4775,899,11203,23.56888898239118,10.04565249405676,1.8913176109229377
TN,2023,December,"3,693",TN23,7148304,51.662604164568265,Tennessee,East South Central,41428,4458,535,9922,23.949985517041615,10.760838080525248,1.291397122718934
TN,2024,December,"2,555",TN24,7227750,35.349866832693436,Tennessee,East South Central,40726,4277,466,9608,23.591808672592446,10.501890684083877,1.1442321858272357
TX,2015,December,"2,579",TX15,27470056,9.388404595898894,Texas,West South Central,158685,51,5370,37677,23.7432649588808,0.03213914358635032,3.3840627658568865
TX,2016,December,"2,812",TX16,27914410,10.073650132673412,Texas,West South Central,171179,159,5536,43226,25.251929267024575,0.09288522540732216,3.234041558836072
TX,2017,December,"2,950",TX17,28295273,10.425769703653327,Texas,West South Central,182135,303,6356,49481,27.167211134597963,0.1663601174952645,3.4897191643561096
TX,2018,December,"2,971",TX18,28628666,10.3777102293205,Texas,West South Central,194332,273,6483,51681,26.594179033818413,0.14048123829323014,3.336043471996377
TX,2019,December,"3,123",TX19,28995881,10.770495298970223,Texas,West South Central,183296,444,6147,55884,30.48839036312849,0.24223114525139663,3.3535920041899443
TX,2020,December,"4,154",TX20,29239570,14.206775270634965,Texas,West South Central,155544,957,5700,53396,34.32855012086612,0.6152599907421694,3.664557938589724
TX,2021,December,"4,912",TX21,29570351,16.61123332624628,Texas,West South Central,154854,2138,4948,52891,34.15539798778204,1.38065532695313,3.19526780063802
TX,2022,December,"5,457",TX22,30113488,18.12144777117815,Texas,West South Central,141085,3508,3580,48268,34.211999858241484,2.486444342063295,2.5374774072367723
TX,2023,December,"5,727",TX23,30727890,18.637791270406137,Texas,West South Central,134113,4936,1943,40122,29.916562898451307,3.680478402541141,1.4487782690716038
TX,2024,December,"5,028",TX24,31290831,16.068604889400348,Texas,West South Central,136881,4830,1484,38829,28.366975694216144,3.5286124443859994,1.0841533887099013
US,2015,December,"52,623",US15,320635163,16.41211135660751,United States,NA,1643405,15292,174972,279481,17.006215753268368,0.9305070874191085,10.646919049169256
US,2016,December,"63,938",US16,322941311,19.798643847085888,United States,NA,1752895,35773,172960,334924,19.106906004067557,2.040795369945148,9.867105559659876
US,2017,December,"70,699",US17,324985539,21.75450643666948,United States,NA,1834001,59180,158725,381802,20.817982105789472,3.2268248490595153,8.654575433710232
US,2018,December,"67,850",US18,326687501,20.769083540787193,United States,NA,1844943,86514,142358,426023,23.091390899339437,4.689250562212491,7.716119142976233
US,2019,December,"71,130",US19,328239523,21.670150915982166,United States,NA,1806868,104178,132902,466294,25.80675511437471,5.765667442225996,7.3553795850056565
US,2020,December,"92,478",US20,331577720,27.89029371454753,United States,NA,1565651,123275,100507,429324,27.42143683362384,7.87372153819721,6.419502175133538
US,2021,December,"107,573",US21,332099760,32.39177288173891,United States,NA,1609501,162188,71769,447229,27.78681094326751,10.076912036711999,4.459083902402049
US,2022,December,"109,413",US22,334017321,32.75668449541274,United States,NA,1410199,172887,40519,367646,26.070504942919403,12.25975908364706,2.8732824232608305
US,2023,December,"106,881",US23,336806231,31.733676566096545,United States,NA,1359754,177258,27743,342286,25.172641521922348,13.036034459174234,2.04029552404332
US,2024,December,"80,856",US24,340110988,23.773415988547832,United States,NA,1232337,145131,24847,310968,25.234006606958975,11.776892197507662,2.016250425005498
UT,2015,December,649,UT15,2981835,21.765121141847217,Utah,Mountain,11083,20,1602,2961,26.71659298024001,0.18045655508436345,14.454570062257512
UT,2016,December,650,UT16,3041868,21.368448598032526,Utah,Mountain,5725,40,880,1758,30.707423580786028,0.6986899563318777,15.37117903930131
UT,2017,December,645,UT17,3101042,20.79946031043759,Utah,Mountain,5095,18,864,1638,32.14916584887144,0.35328753680078506,16.957801766437683
UT,2018,December,630,UT18,3153550,19.977485690729495,Utah,Mountain,5580,35,939,1678,30.07168458781362,0.6272401433691757,16.827956989247312
UT,2019,December,575,UT19,3205958,17.935356607915637,Utah,Mountain,4418,70,634,1522,34.449977365323676,1.5844273426889997,14.350384789497511
UT,2020,December,622,UT20,3284077,18.939872603474278,Utah,Mountain,2757,53,475,971,35.21944142183533,1.922379397896264,17.22887196227784
UT,2021,December,675,UT21,3339738,20.211166265138164,Utah,Mountain,3827,171,503,1167,30.493859419911157,4.468251894434283,13.143454402926574
UT,2022,December,646,UT22,3391011,19.050365805360112,Utah,Mountain,5701,371,424,1027,18.01438344150149,6.507630240308718,7.437291703209963
UT,2023,December,698,UT23,3443222,20.271710624525518,Utah,Mountain,6924,1184,309,861,12.435008665511265,17.0999422299249,4.462738301559792
UT,2024,December,691,UT24,3503613,19.72249789003523,Utah,Mountain,5602,1272,119,561,10.014280614066404,22.70617636558372,2.124241342377722
VA,2015,December,"1,002",VA15,8361808,11.983054382497183,Virginia,South Atlantic,51376,557,6266,2950,5.741980691373404,1.0841638118966055,12.196356275303645
VA,2016,December,"1,356",VA16,8410106,16.12345908600914,Virginia,South Atlantic,58118,1454,6793,4765,8.198836849168933,2.5018066691902683,11.688289342372414
VA,2017,December,"1,455",VA17,8463587,17.191292533532177,Virginia,South Atlantic,64355,2052,6284,6731,10.459171781524358,3.188563437184368,9.764587056172791
VA,2018,December,"1,434",VA18,8501286,16.868036200640702,Virginia,South Atlantic,64513,2788,5610,9300,14.415699161409329,4.321609598065506,8.695921752204981
VA,2019,December,"1,538",VA19,8535519,18.018822288369343,Virginia,South Atlantic,65302,3381,5292,12105,18.536951395056814,5.177483078619338,8.103886557838964
VA,2020,December,"2,185",VA20,8637615,25.296334694241406,Virginia,South Atlantic,56343,5711,3841,11963,21.232451236178406,10.136130486484568,6.8171733844488225
VA,2021,December,"2,603",VA21,8658910,30.061520445414033,Virginia,South Atlantic,51790,6902,2636,11983,23.1376713651284,13.326897084379224,5.089785672909828
VA,2022,December,"2,491",VA22,8683414,28.68687361906273,Virginia,South Atlantic,51435,7566,1710,11958,23.248760571595216,14.709827938174396,3.3245844269466316
VA,2023,December,"2,452",VA23,8734685,28.071991147934927,Virginia,South Atlantic,54612,9243,1122,11865,21.725994286969897,16.924851680949242,2.0544935179081523
VA,2024,December,"1,547",VA24,8811195,17.55720989037242,Virginia,South Atlantic,54388,8142,1404,11781,21.66102816797823,14.970214017798044,2.581451790836214
VT,2015,December,99,VT15,625216,15.83452758726584,Vermont,New England,2506,59,1295,6,0.23942537909018355,2.3543495610534717,51.675977653631286
VT,2016,December,136,VT16,623657,21.806858577711786,Vermont,New England,2929,200,1598,42,1.4339364970979858,6.8282690337999314,54.55786958006146
VT,2017,December,128,VT17,624344,20.501518393706036,Vermont,New England,3475,451,1686,30,0.8633093525179856,12.97841726618705,48.51798561151079
VT,2018,December,144,VT18,624358,23.063691023419256,Vermont,New England,3733,923,1408,16,0.4286096972944013,24.725421912670775,37.71765336190731
VT,2019,December,118,VT19,623989,18.91058977001197,Vermont,New England,3453,874,1038,47,1.361135244714741,25.311323486823053,30.06081668114683
VT,2020,December,186,VT20,642977,28.92793987965355,Vermont,New England,3591,1060,742,67,1.8657755499860762,29.518240044555835,20.662768031189085
VT,2021,December,251,VT21,647210,38.78184824091099,Vermont,New England,4006,1305,663,92,2.2965551672491262,32.57613579630554,16.550174737893162
VT,2022,December,266,VT22,648142,41.04038929740705,Vermont,New England,4532,1415,658,72,1.588702559576346,31.22241835834069,14.518976169461606
VT,2023,December,246,VT23,648708,37.92153017998853,Vermont,New England,1986,650,194,46,2.3162134944612287,32.72910372608258,9.768378650553878
VT,2024,December,205,VT24,648493,31.611752170031135,Vermont,New England,411,91,16,16,3.8929440389294405,22.14111922141119,3.8929440389294405
WA,2015,December,"1,109",WA15,7163657,15.48091987095418,Washington,Pacific,14893,16,2807,6046,40.596253273349895,0.10743302222520647,18.847780836634662
WA,2016,December,"1,117",WA16,7294771,15.312338111778972,Washington,Pacific,16377,67,3231,6629,40.47749893142822,0.4091103376686817,19.728888074738965
WA,2017,December,"1,168",WA17,7423362,15.734110770834024,Washington,Pacific,17090,126,3303,6805,39.81860737273259,0.7372732592159157,19.32709186658865
WA,2018,December,"1,163",WA18,7523869,15.457472744408497,Washington,Pacific,18330,311,3559,7010,38.243316966721224,1.696672122204037,19.416257501363884
WA,2019,December,"1,251",WA19,7614893,16.42833326745366,Washington,Pacific,18748,601,3673,7623,40.66033710262428,3.2056752720290165,19.59142308512908
WA,2020,December,"1,726",WA20,7727209,22.33665479994135,Washington,Pacific,17736,1241,3462,6947,39.16892196662156,6.997068110058637,19.519621109607577
WA,2021,December,"2,264",WA21,7743760,29.23644327820077,Washington,Pacific,8851,1419,1258,2362,26.68625014122698,16.032086769856512,14.21308326742741
WA,2022,December,"2,753",WA22,7794123,35.32148517543282,Washington,Pacific,9936,2700,639,2137,21.50764895330113,27.17391304347826,6.431159420289855
WA,2023,December,"3,512",WA23,7857320,44.69717410007483,Washington,Pacific,11896,3954,373,2641,22.200739744451916,33.238063214525894,3.1355077336919974
WA,2024,December,"3,183",WA24,7958180,39.99658213310078,Washington,Pacific,12002,3311,221,3318,27.645392434594235,27.587068821863024,1.841359773371105
WI,2015,December,873,WI15,5760940,15.153776987783244,Wisconsin,East North Central,13104,79,1642,1656,12.637362637362637,0.6028693528693528,12.53052503052503
WI,2016,December,"1,079",WI16,5772628,18.691660020358146,Wisconsin,East North Central,13967,302,1784,2120,15.178635354764802,2.1622395646881936,12.77296484570774
WI,2017,December,"1,177",WI17,5790186,20.32749897844387,Wisconsin,East North Central,12358,403,1816,2027,16.402330474186762,3.261045476614339,14.694934455413497
WI,2018,December,"1,087",WI18,5807406,18.717479025919662,Wisconsin,East North Central,10427,608,1297,1856,17.799942457082572,5.8310156324925675,12.438860650234966
WI,2019,December,"1,200",WI19,5822434,20.609937356095408,Wisconsin,East North Central,8954,589,931,1829,20.426624972079516,6.57806566897476,10.397587670314943
WI,2020,December,"1,531",WI20,5897375,25.96070285508383,Wisconsin,East North Central,8137,878,737,1765,21.691040924173528,10.790217524886321,9.057392159272458
WI,2021,December,"1,759",WI21,5881608,29.906787395555774,Wisconsin,East North Central,8907,1028,643,2170,24.36286067138206,11.54148422588975,7.219041203547771
WI,2022,December,"1,780",WI22,5903975,30.14917915472203,Wisconsin,East North Central,8426,1110,462,1786,21.19629717540945,13.173510562544505,5.483028720626632
WI,2023,December,"1,744",WI23,5930405,29.40777231909119,Wisconsin,East North Central,8520,1127,388,1803,21.161971830985916,13.227699530516432,4.553990610328638
WI,2024,December,"1,167",WI24,5960975,19.577334244817333,Wisconsin,East North Central,9355,1243,349,2026,21.65686798503474,13.287012292891502,3.7306253340459645
WV,2015,December,729,WV15,1842050,39.57547297847507,West Virginia,South Atlantic,7003,106,1136,400,5.71183778380694,1.513637012708839,16.22161930601171
WV,2016,December,879,WV16,1831023,48.00595077178168,West Virginia,South Atlantic,7514,197,1190,728,9.688581314878892,2.6217726909768433,15.83710407239819
WV,2017,December,997,WV17,1817004,54.870545139141136,West Virginia,South Atlantic,8837,485,1219,1857,21.013918750707255,5.488287880502433,13.7942740749123
WV,2018,December,882,WV18,1804291,48.88346724558289,West Virginia,South Atlantic,8956,766,1053,2185,24.39705225547119,8.552925413130861,11.757481018311747
WV,2019,December,852,WV19,1792147,47.54074303056613,West Virginia,South Atlantic,10725,1153,1165,2865,26.713286713286713,10.750582750582751,10.862470862470863
WV,2020,December,"1,331",WV20,1791646,74.2892290106416,West Virginia,South Atlantic,9955,1590,991,2408,24.18884982420894,15.971873430436967,9.954796584630838
WV,2021,December,"1,506",WV21,1785618,84.34054764232887,West Virginia,South Atlantic,14382,2860,962,3499,24.32902238909748,19.885968571825895,6.688916701432346
WV,2022,December,"1,318",WV22,1774122,74.29026865119761,West Virginia,South Atlantic,12819,2637,610,2887,22.52125750838599,20.571027381230984,4.75856151025821
WV,2023,December,"1,389",WV23,1770495,78.45263612718477,West Virginia,South Atlantic,12581,2840,508,2940,23.36857165567125,22.57372227962801,4.0378348302996585
WV,2024,December,819,WV24,1769979,46.27173542736948,West Virginia,South Atlantic,12335,2752,634,2640,21.402513173895418,22.3104985812728,5.139845966761248
WY,2015,December,92,WY15,585613,15.71003375949646,Wyoming,Mountain,5127,1,149,1610,31.40237955919641,0.01950458357714063,2.906182952993954
WY,2016,December,93,WY16,584215,15.918797018221031,Wyoming,Mountain,6552,5,222,2008,30.64713064713065,0.07631257631257632,3.3882783882783882
WY,2017,December,66,WY17,578931,11.400322318203724,Wyoming,Mountain,7181,8,232,2063,28.728589332961985,0.11140509678317784,3.230747806712157
WY,2018,December,61,WY18,577601,10.560923544107437,Wyoming,Mountain,7629,26,222,2182,28.601389435050464,0.34080482369904314,2.909948879276445
WY,2019,December,72,WY19,578759,12.440411293820054,Wyoming,Mountain,6408,25,211,2290,35.73657927590512,0.39013732833957554,3.2927590511860174
WY,2020,December,101,WY20,577681,17.48369775014238,Wyoming,Mountain,4960,41,269,1668,33.62903225806452,0.8266129032258065,5.423387096774194
WY,2021,December,101,WY21,579636,17.424728622790855,Wyoming,Mountain,4715,154,215,1579,33.488865323435846,3.2661717921527043,4.559915164369035
WY,2022,December,123,WY22,581978,21.134819529260557,Wyoming,Mountain,5321,329,65,1686,31.685773350873895,6.183048299191881,1.2215748919376057
WY,2023,December,127,WY23,585067,21.706915618211248,Wyoming,Mountain,6907,876,64,2235,32.35847690748516,12.682785579846533,0.9265962067467787
WY,2024,December,107,WY24,587618,18.209108638605354,Wyoming,Mountain,6738,552,31,1976,29.326209557732266,8.192341941228852,0.46007717423567823
YC,2015,December,959,YC15,NA,NA,New York City,NA,NA,NA,NA,NA,NA,NA,NA
YC,2016,December,"1,424",YC16,NA,NA,New York City,NA,NA,NA,NA,NA,NA,NA,NA
YC,2017,December,"1,493",YC17,NA,NA,New York City,NA,NA,NA,NA,NA,NA,NA,NA
YC,2018,December,"1,482",YC18,NA,NA,New York City,NA,NA,NA,NA,NA,NA,NA,NA
YC,2019,December,"1,548",YC19,NA,NA,New York City,NA,NA,NA,NA,NA,NA,NA,NA
YC,2020,December,"2,131",YC20,NA,NA,New York City,NA,NA,NA,NA,NA,NA,NA,NA
YC,2021,December,"2,775",YC21,NA,NA,New York City,NA,NA,NA,NA,NA,NA,NA,NA
YC,2022,December,"3,142",YC22,NA,NA,New York City,NA,NA,NA,NA,NA,NA,NA,NA
YC,2023,December,"3,111",YC23,NA,NA,New York City,NA,NA,NA,NA,NA,NA,NA,NA
YC,2024,December,"2,254",YC24,NA,NA,New York City,NA,NA,NA,NA,NA,NA,NA,NA
